-- DROP TABLE categories,contacts,news,orders,order_details,products,product_sizes,sizes;

INSERT INTO categories (category_id, name, is_deleted, created_at, updated_at) VALUES
(1, 'socks', 0, '2022-02-07 14:53:50', '2022-02-07 15:35:36'),
(2, 'knit hat', 0, '2022-02-07 15:37:03', '2022-02-07 15:37:03'),
(3, 'gloves', 0, '2022-02-07 15:39:28', '2022-03-28 03:06:47'),
(4, 'bag', 0, '2022-02-07 15:39:28', '2022-02-07 15:39:28'),
(5, 'stall', 0, '2022-02-07 15:39:28', '2022-03-30 08:01:48');

INSERT INTO news (news_id, product_id, date, title, text, image_path, url, is_deleted, created_at, updated_at) VALUES
(1, 0, '2021-12-01', 'instgram開始', 'instgram公式アカウント始めました！', '20220404094015_20220404092816_news_pic1.png', 'https://www.instagram.com/', 0, '2022-02-08 02:37:52', '2022-04-04 07:40:15'),
(2, 1, '2021-11-01', 'socks追加', 'socks追加しました！', 'news_pic2.jpg', '', 0, '2022-02-08 03:13:40', '2022-04-01 04:43:51'),
(3, 9, '2021-10-01', 'bag追加', 'bag追加しました！', 'news_pic3.jpg', '', 0, '2022-02-08 03:26:09', '2022-03-28 04:57:51'),
(4, 8, '2021-09-01', 'gloves追加', 'gloves追加しました！', 'news_pic4.jpg', '', 1, '2022-02-08 03:29:26', '2022-04-03 15:07:56'),
(5, 7, '2021-08-01', 'knit hat追加', 'knit hat追加しました！knit hat追加しました！', 'news_pic5.jpg', '', 0, '2022-02-08 03:31:47', '2022-03-28 04:57:16'),
(6, 0, '2021-07-01', 'Twitter開始', 'Twitter公式アカウント始めました！', 'news_pic6.png', 'https://twitter.com/?lang=ja', 0, '2022-02-08 03:31:47', '2022-03-28 04:57:32');

INSERT INTO products (product_id, name, price, category_id, image_path, sub_image_path, description, is_line_up, is_deleted, created_at, updated_at) VALUES
(1, 'red socks', 100000, 1, 'red_socks.jpg', 'red_socks_sub.jpg', '赤い靴下', 0, 0, '2022-02-08 05:03:10', '2022-03-28 04:48:29'),
(2, 'border socks', 2000, 1, 'border_socks.jpg', 'border_socks_sub.jpg', 'ボーダー靴下', 0, 0, '2022-02-08 05:09:07', '2022-03-28 04:51:25'),
(3, 'blue red socks', 2000, 1, 'blue_red_socks.jpg', 'blue_red_socks_sub.jpg', '青色と赤色の靴下', 0, 1, '2022-02-08 05:18:33', '2022-03-31 11:22:27'),
(4, 'chameleon socks', 2000, 1, 'chameleon_socks.jpg', 'chameleon_socks_sub.jpg', '赤と青の靴下', 0, 0, '2022-02-08 05:18:33', '2022-03-28 04:51:36'),
(5, 'blue socks', 2000, 1, 'blue_socks.jpg', 'blue_socks_sub.jpg', '青の靴下', 0, 0, '2022-02-08 05:18:33', '2022-03-28 04:52:25'),
(6, 'purple socks', 2000, 1, 'purple_socks.jpg', 'purple_socks_sub.jpg', '紫の靴下', 0, 0, '2022-02-08 05:18:33', '2022-03-28 04:52:02'),
(7, 'green&amp;white knit hat', 4000, 2, 'green&amp;white_knit_hat.jpg', 'green&amp;white_knit_hat_sub.jpg', '緑のニット帽と白のニット帽', 0, 0, '2022-02-08 05:37:50', '2022-03-28 04:52:17'),
(8, 'Brown&amp;purple gloves', 4000, 3, 'Brown&amp;purple_gloves.jpg', 'Brown&amp;purple_gloves_sub.jpg', '茶色の手袋と紫の手袋', 0, 0, '2022-02-08 05:42:25', '2022-03-28 04:50:39'),
(9, 'green bag', 3000, 4, 'green_bag.jpg', '0', '緑色のカバン', 0, 0, '2022-02-08 05:48:30', '2022-03-28 04:51:13'),
(10, 'border bag', 3000, 4, 'border_bag.jpg', 'border_bag_sub.jpg', 'ボーダー柄のカバン', 0, 0, '2022-02-08 05:48:30', '2022-03-28 04:52:34'),
(11, ' colorful bag', 3000, 4, 'colorful_bag.jpg', 'colorful_bag_sub.jpg', 'カラフル色のカバン', 0, 0, '2022-02-08 05:48:30', '2022-03-28 04:52:41'),
(12, ' wood bag', 3000, 4, 'wood_bag.jpg', '0', '麻のカバン', 0, 0, '2022-02-08 05:48:30', '2022-03-28 04:50:57'),
(13, ' white bag', 3000, 4, 'white_bag.jpg', 'white_bag_sub.jpg', '白いカバン', 0, 0, '2022-02-08 05:48:30', '2022-03-28 04:50:52'),
(14, ' colorful stall22', 35003, 5, 'colorful_stall.jpg', 'colorful_stall_sub.jpg', 'カラフル色のストール', 0, 0, '2022-02-08 05:50:38', '2022-04-05 05:25:48');

INSERT INTO product_sizes (product_size_id, product_id, size_id, is_deleted, created_at, updated_at) VALUES
(1, 1, 1, 0, '2022-02-08 05:57:59', '2022-02-08 05:57:59'),
(2, 1, 2, 0, '2022-02-08 05:58:36', '2022-02-08 05:58:36'),
(3, 1, 3, 0, '2022-02-08 05:59:51', '2022-02-08 05:59:51'),
(4, 1, 4, 0, '2022-02-08 05:59:51', '2022-02-08 05:59:51'),
(5, 1, 5, 0, '2022-02-08 05:59:52', '2022-02-08 05:59:52'),
(6, 1, 6, 0, '2022-02-08 05:59:52', '2022-02-08 05:59:52'),
(7, 1, 7, 0, '2022-02-08 05:59:52', '2022-02-08 05:59:52'),
(8, 1, 8, 0, '2022-02-08 05:59:52', '2022-02-08 05:59:52'),
(9, 1, 9, 0, '2022-02-08 05:59:52', '2022-02-08 05:59:52'),
(10, 1, 10, 0, '2022-02-08 05:59:52', '2022-02-08 05:59:52'),
(11, 1, 11, 0, '2022-02-08 05:59:52', '2022-02-08 05:59:52'),
(12, 2, 1, 0, '2022-02-08 06:01:14', '2022-02-08 06:01:14'),
(13, 2, 2, 0, '2022-02-08 06:01:14', '2022-02-08 06:01:14'),
(14, 2, 3, 0, '2022-02-08 06:01:14', '2022-02-08 06:01:14'),
(15, 2, 4, 0, '2022-02-08 06:01:14', '2022-02-08 06:01:14'),
(16, 2, 5, 0, '2022-02-08 06:01:14', '2022-02-08 06:01:14'),
(17, 2, 6, 0, '2022-02-08 06:01:14', '2022-02-08 06:01:14'),
(18, 2, 7, 0, '2022-02-08 06:01:14', '2022-02-08 06:01:14'),
(19, 2, 8, 0, '2022-02-08 06:01:14', '2022-02-08 06:01:14'),
(20, 2, 9, 0, '2022-02-08 06:01:14', '2022-02-08 06:01:14'),
(21, 2, 10, 0, '2022-02-08 06:01:14', '2022-02-08 06:01:14'),
(22, 2, 11, 0, '2022-02-08 06:01:14', '2022-02-08 06:01:14'),
(23, 3, 1, 0, '2022-02-08 06:02:19', '2022-02-08 06:02:19'),
(24, 3, 2, 0, '2022-02-08 06:02:19', '2022-02-08 06:02:19'),
(25, 3, 3, 0, '2022-02-08 06:02:19', '2022-02-08 06:02:19'),
(26, 3, 4, 0, '2022-02-08 06:02:19', '2022-02-08 06:02:19'),
(27, 3, 5, 0, '2022-02-08 06:02:19', '2022-02-08 06:02:19'),
(28, 3, 6, 0, '2022-02-08 06:02:19', '2022-02-08 06:02:19'),
(29, 3, 7, 0, '2022-02-08 06:02:19', '2022-02-08 06:02:19'),
(30, 3, 8, 0, '2022-02-08 06:02:19', '2022-02-08 06:02:19'),
(31, 3, 9, 0, '2022-02-08 06:02:20', '2022-02-08 06:02:20'),
(32, 3, 10, 0, '2022-02-08 06:02:20', '2022-02-08 06:02:20'),
(33, 3, 11, 0, '2022-02-08 06:02:20', '2022-02-08 06:02:20'),
(34, 4, 1, 0, '2022-02-08 06:03:36', '2022-02-08 06:03:36'),
(35, 4, 2, 0, '2022-02-08 06:03:36', '2022-02-08 06:03:36'),
(36, 4, 3, 0, '2022-02-08 06:03:36', '2022-02-08 06:03:36'),
(37, 4, 4, 0, '2022-02-08 06:03:36', '2022-02-08 06:03:36'),
(38, 4, 5, 0, '2022-02-08 06:03:36', '2022-02-08 06:03:36'),
(39, 4, 6, 0, '2022-02-08 06:03:36', '2022-02-08 06:03:36'),
(40, 4, 7, 0, '2022-02-08 06:03:36', '2022-02-08 06:03:36'),
(41, 4, 8, 0, '2022-02-08 06:03:36', '2022-02-08 06:03:36'),
(42, 4, 9, 0, '2022-02-08 06:03:36', '2022-02-08 06:03:36'),
(43, 4, 10, 0, '2022-02-08 06:03:36', '2022-02-08 06:03:36'),
(44, 4, 11, 0, '2022-02-08 06:03:37', '2022-02-08 06:03:37'),
(45, 5, 1, 0, '2022-02-08 06:05:33', '2022-02-08 06:05:33'),
(46, 5, 2, 0, '2022-02-08 06:05:33', '2022-02-08 06:05:33'),
(47, 5, 3, 0, '2022-02-08 06:05:33', '2022-02-08 06:05:33'),
(48, 5, 4, 0, '2022-02-08 06:05:33', '2022-02-08 06:05:33'),
(49, 5, 5, 0, '2022-02-08 06:05:33', '2022-02-08 06:05:33'),
(50, 5, 6, 0, '2022-02-08 06:05:33', '2022-02-08 06:05:33'),
(51, 5, 7, 0, '2022-02-08 06:05:33', '2022-02-08 06:05:33'),
(52, 5, 8, 0, '2022-02-08 06:05:33', '2022-02-08 06:05:33'),
(53, 5, 9, 0, '2022-02-08 06:05:33', '2022-02-08 06:05:33'),
(54, 5, 10, 0, '2022-02-08 06:05:33', '2022-02-08 06:05:33'),
(55, 5, 11, 0, '2022-02-08 06:05:33', '2022-02-08 06:05:33'),
(56, 6, 1, 0, '2022-02-08 06:06:21', '2022-02-08 06:06:21'),
(57, 6, 2, 0, '2022-02-08 06:06:21', '2022-02-08 06:06:21'),
(58, 6, 3, 0, '2022-02-08 06:06:21', '2022-02-08 06:06:21'),
(59, 6, 4, 0, '2022-02-08 06:06:21', '2022-02-08 06:06:21'),
(60, 6, 5, 0, '2022-02-08 06:06:22', '2022-02-08 06:06:22'),
(61, 6, 6, 0, '2022-02-08 06:06:22', '2022-02-08 06:06:22'),
(62, 6, 7, 0, '2022-02-08 06:06:22', '2022-02-08 06:06:22'),
(63, 6, 8, 0, '2022-02-08 06:06:22', '2022-02-08 06:06:22'),
(64, 6, 9, 0, '2022-02-08 06:06:22', '2022-02-08 06:06:22'),
(65, 6, 10, 0, '2022-02-08 06:06:22', '2022-02-08 06:06:22'),
(66, 6, 11, 0, '2022-02-08 06:06:22', '2022-02-08 06:06:22'),
(67, 7, 0, 0, '2022-02-24 07:41:03', '2022-02-24 07:41:03'),
(68, 8, 0, 0, '2022-02-24 07:43:16', '2022-02-24 07:43:16'),
(69, 9, 0, 0, '2022-02-24 07:44:10', '2022-02-24 07:44:10'),
(70, 10, 0, 0, '2022-02-24 07:44:22', '2022-02-24 07:44:22'),
(71, 11, 0, 0, '2022-02-24 07:44:35', '2022-02-24 07:44:35'),
(72, 12, 0, 0, '2022-02-24 07:44:43', '2022-02-24 07:44:43'),
(73, 13, 0, 0, '2022-02-24 07:44:51', '2022-02-24 07:44:51'),
(74, 14, 0, 0, '2022-02-24 07:45:05', '2022-02-24 07:45:05');

INSERT INTO sizes (size_id, size_name, is_deleted, created_at, updated_at) VALUES
(1, '23.0', 0, '2022-02-08 04:50:47', '2022-02-08 04:50:47'),
(2, '23.5', 0, '2022-02-08 04:52:55', '2022-02-08 04:52:55'),
(3, '24.0', 0, '2022-02-08 04:52:55', '2022-02-08 04:52:55'),
(4, '24.5', 0, '2022-02-08 04:52:55', '2022-02-08 04:52:55'),
(5, '25.0', 0, '2022-02-08 04:52:55', '2022-02-08 04:52:55'),
(6, '25.5', 0, '2022-02-08 04:52:55', '2022-02-08 04:52:55'),
(7, '26.0', 0, '2022-02-08 04:52:56', '2022-02-08 04:52:56'),
(8, '26.5', 0, '2022-02-08 04:52:56', '2022-02-08 04:52:56'),
(9, '27.0', 0, '2022-02-08 04:52:56', '2022-02-08 04:52:56'),
(10, '27.5', 0, '2022-02-08 04:52:56', '2022-02-08 04:52:56'),
(11, '28.0', 0, '2022-02-08 04:52:56', '2022-02-08 04:52:56');
