INSERT INTO `categories` (`category_id`, `name`, `is_deleted`, `created_at`, `updated_at`) VALUES
(1, 'socks', 0, '2022-02-07 14:53:50', '2022-02-07 15:35:36'),
(2, 'knit hat', 0, '2022-02-07 15:37:03', '2022-02-07 15:37:03'),
(3, 'gloves', 0, '2022-02-07 15:39:28', '2022-03-28 03:06:47'),
(4, 'bag', 0, '2022-02-07 15:39:28', '2022-02-07 15:39:28'),
(5, 'stall', 0, '2022-02-07 15:39:28', '2022-03-30 08:01:48'),
(6, '更新', 0, '2022-03-25 03:56:06', '2022-04-05 09:12:05'),
(7, 'aiueoaiueoaiueoaiueo', 0, '2022-03-26 05:56:08', '2022-04-04 06:22:06'),
(8, '', 0, '2022-03-28 09:35:30', '2022-04-05 09:12:02'),
(9, 'test', 0, '2022-03-30 08:47:43', '2022-03-30 08:47:43'),
(10, 'test', 0, '2022-04-01 09:33:33', '2022-04-01 09:33:33'),
(11, '', 0, '2022-04-01 09:34:50', '2022-04-01 09:34:50'),
(12, '', 0, '2022-04-01 09:36:02', '2022-04-03 15:11:51');

INSERT INTO `contacts` (`contact_id`, `name`, `tel`, `mail`, `title`, `message`, `is_deleted`, `created_at`, `updated_at`) VALUES
(3, 'test', '09', 'swe@ees', '222', '222', 0, '2022-03-28 02:44:00', '2022-03-28 02:44:00'),
(4, 'test', '0700809079', 'test@test', 'llll', 'kkk', 0, '2022-03-31 11:35:15', '2022-03-31 11:35:15'),
(5, 'test', '045', 'oo@0o', 'tt', 'hk', 0, '2022-03-31 11:37:12', '2022-03-31 11:37:12'),
(6, 'test', '045', 'oo@0o', 'tt', 'hk', 0, '2022-03-31 11:37:52', '2022-03-31 11:37:52'),
(7, 'test', '045', 'oo@0o', 'tt', 'hk', 0, '2022-03-31 11:38:14', '2022-03-31 11:38:14'),
(8, 'test', '045', 'oo@0o', 'tt', 'hk', 0, '2022-03-31 11:38:41', '2022-04-04 05:01:40'),
(9, 'test', '045', 'oo@0o', 'tt', 'hk', 0, '2022-03-31 11:39:10', '2022-04-03 15:14:54');

INSERT INTO `news` (`news_id`, `product_id`, `date`, `title`, `text`, `image_path`, `url`, `is_deleted`, `created_at`, `updated_at`) VALUES
(1, 0, '2021-12-01', 'instgram開始', 'instgram公式アカウント始めました！', '20220404094015_20220404092816_news_pic1.png', 'https://www.instagram.com/', 0, '2022-02-08 02:37:52', '2022-04-04 07:40:15'),
(2, 1, '2021-11-01', 'socks追加', 'socks追加しました！', 'news_pic2.jpg', '', 0, '2022-02-08 03:13:40', '2022-04-01 04:43:51'),
(3, 9, '2021-10-01', 'bag追加', 'bag追加しました！', 'news_pic3.jpg', '', 0, '2022-02-08 03:26:09', '2022-03-28 04:57:51'),
(4, 8, '2021-09-01', 'gloves追加', 'gloves追加しました！', 'news_pic4.jpg', '', 1, '2022-02-08 03:29:26', '2022-04-03 15:07:56'),
(5, 7, '2021-08-01', 'knit hat追加', 'knit hat追加しました！knit hat追加しました！', 'news_pic5.jpg', '', 0, '2022-02-08 03:31:47', '2022-03-28 04:57:16'),
(6, 0, '2021-07-01', 'twitter開始', 'Twitter公式アカウント始めました！', 'news_pic6.png', 'https://twitter.com/?lang=ja', 0, '2022-02-08 03:31:47', '2022-03-28 04:57:32'),
(11, 0, '0000-00-00', '', '', '', '', 0, '2022-03-28 09:21:47', '2022-03-28 09:21:47'),
(12, 0, '0000-00-00', '', '', '', '', 0, '2022-03-28 09:23:30', '2022-03-28 09:23:30'),
(13, 0, '0000-00-00', '', '', '', '', 0, '2022-03-28 09:31:49', '2022-03-28 09:31:49'),
(14, 0, '0000-00-00', '', '', '', '', 0, '2022-03-28 09:51:10', '2022-03-28 09:51:10'),
(15, 444, '0000-00-00', 'rrr', 'rrrr', '', '', 0, '2022-03-29 15:09:36', '2022-03-29 15:09:36'),
(16, 444, '0000-00-00', 'eee', 'eee', '20220329171415_moon.jpg', 'eee', 0, '2022-03-29 15:14:15', '2022-03-29 15:14:15'),
(17, 444, '2022-04-07', 'eeee', 'eee', '', '', 0, '2022-03-29 15:14:30', '2022-04-04 06:10:35'),
(18, 4, '0000-00-00', '更新', '更新こあもｚ', ':image_path', '', 0, '2022-04-01 05:19:31', '2022-04-01 05:55:26'),
(19, 10, '2021-10-10', '更新テスト', '更新テストでｓ', NULL, '', 0, '2022-04-01 05:56:31', '2022-04-01 06:28:54'),
(20, 4, '2022-04-01', 'seeeeeeeeeeeeeeeeee', 'せっせせｓ', NULL, '', 0, '2022-04-01 07:22:20', '2022-04-03 15:07:59'),
(21, 0, '2022-04-06', 'てｓｔ', '', '', '', 0, '2022-04-04 07:57:45', '2022-04-04 07:57:45'),
(22, 0, '2022-04-14', 'えうぇうぇｗ', 'えええ', '20220404095939_wood_bag.jpg', '', 0, '2022-04-04 07:59:39', '2022-04-04 07:59:39');

INSERT INTO `orders` (`order_id`, `customer_name`, `mail`, `post_code`, `address`, `tel`, `is_deleted`, `created_at`, `updated_at`) VALUES
(1, 'test', 'test@test', '0', 'test', '0', 0, '2022-03-11 10:06:23', '2022-03-11 10:06:23'),
(2, 'test', 'oo@ff', '0', 'a', '0', 0, '2022-03-21 06:42:04', '2022-03-21 06:42:04'),
(3, 'test', 'oo@ff', '11', 'test', '0', 0, '2022-03-21 06:44:14', '2022-03-21 06:44:14'),
(4, 'test', 'oo@ff', '11', 'test', '0', 0, '2022-03-21 06:47:19', '2022-03-21 06:47:19'),
(5, 'test', 'oo@ff', '11', 'test', '0', 0, '2022-03-21 06:48:10', '2022-03-21 06:48:10'),
(6, 'test', 'oo@ff', '0', 'aaa', '0', 0, '2022-03-21 06:48:56', '2022-03-21 06:48:56'),
(7, 'test', 'oo@ff', '0', 'aaa', '0', 0, '2022-03-21 06:52:29', '2022-03-21 06:52:29'),
(8, 'test', 'oo@ff', '22', 'ddd', '0', 0, '2022-03-22 03:30:16', '2022-03-22 03:30:16'),
(9, 'test', 'oo@ff', '21', 'test', '0', 0, '2022-03-22 09:54:24', '2022-03-22 09:54:24'),
(10, 'test', 'oo@ff', '21', 'test', '0', 0, '2022-03-22 10:00:02', '2022-03-22 10:00:02'),
(11, 'test', 'oo@ff', '22', 'ddd', '0', 0, '2022-03-23 03:13:02', '2022-03-23 03:13:02'),
(12, 'test', 'oo@ff', '22', 'ddd', '0', 0, '2022-03-23 03:13:46', '2022-03-23 03:13:46'),
(13, 'test', 'test@test', '11', 'test', '0', 0, '2022-03-23 03:14:32', '2022-03-23 03:14:32'),
(14, 'test', 'test@test', '11', 'test', '0', 0, '2022-03-23 03:16:37', '2022-03-23 03:16:37'),
(15, 'test', 'test@test', '11', 'test', '0', 0, '2022-03-23 03:19:51', '2022-03-23 03:19:51'),
(16, 'test', 'test@test', '11', 'test', '0', 0, '2022-03-23 03:20:17', '2022-03-23 03:20:17'),
(17, 'test', 'test@test', '21', 'test', '0', 0, '2022-03-23 06:17:02', '2022-03-23 06:17:02'),
(18, 'test', 'test@test', '21', 'test', '0', 0, '2022-03-23 06:27:37', '2022-03-23 06:27:37'),
(19, 'test', 'test@test', '22', 'ddd', '454', 0, '2022-03-23 07:36:42', '2022-03-27 03:04:26'),
(21, 'test', 'oo@ff', '11', 'ddd', '090', 0, '2022-03-31 11:40:01', '2022-04-04 05:01:44'),
(22, 'test', 'oo@ff', '110011', 'test', '09090', 1, '2022-03-31 11:42:02', '2022-04-04 04:54:37'),
(23, 'test', 'oo@ff', '011', 'hjjy', '008', 1, '2022-03-31 12:04:12', '2022-04-04 04:54:21'),
(24, 'test', 'nuo@sss', '110', 'ksoao', '048', 1, '2022-04-04 05:14:05', '2022-04-04 05:23:22');

INSERT INTO `order_details` (`order_detail_id`, `order_id`, `product_id`, `product_size_id`, `quantity`, `is_deleted`, `created_at`, `updated_at`) VALUES
(1, 1, 1, 1, 2, 0, '2022-03-11 10:06:23', '2022-03-11 10:06:23'),
(2, 1, 5, 45, 5, 0, '2022-03-11 10:06:23', '2022-03-11 10:06:23'),
(3, 1, 11, 71, 2, 0, '2022-03-11 10:06:23', '2022-03-11 10:06:23'),
(4, 2, 8, 68, 1, 0, '2022-03-21 06:42:04', '2022-03-21 06:42:04'),
(5, 2, 3, 23, 1, 0, '2022-03-21 06:42:04', '2022-03-21 06:42:04'),
(6, 2, 3, 23, 2, 0, '2022-03-21 06:42:04', '2022-03-21 06:42:04'),
(7, 3, 1, 1, 1, 0, '2022-03-21 06:44:14', '2022-03-21 06:44:14'),
(8, 3, 1, 1, 1, 0, '2022-03-21 06:44:14', '2022-03-21 06:44:14'),
(9, 3, 1, 1, 1, 0, '2022-03-21 06:44:14', '2022-03-21 06:44:14'),
(10, 4, 1, 1, 1, 0, '2022-03-21 06:47:19', '2022-03-21 06:47:19'),
(11, 4, 1, 1, 2, 0, '2022-03-21 06:47:19', '2022-03-21 06:47:19'),
(12, 4, 1, 1, 1, 0, '2022-03-21 06:47:19', '2022-03-21 06:47:19'),
(13, 6, 1, 1, 1, 0, '2022-03-21 06:48:56', '2022-03-21 06:48:56'),
(14, 6, 1, 1, 1, 0, '2022-03-21 06:48:56', '2022-03-21 06:48:56'),
(15, 8, 4, 34, 1, 0, '2022-03-22 03:30:16', '2022-04-04 04:16:10'),
(16, 9, 2, 13, 1, 0, '2022-03-22 09:54:24', '2022-03-22 09:54:24'),
(17, 9, 2, 22, 1, 0, '2022-03-22 09:54:24', '2022-03-22 09:54:24'),
(18, 10, 1, 11, 5, 0, '2022-03-22 10:00:02', '2022-03-22 10:00:02'),
(19, 10, 1, 1, 1, 0, '2022-03-22 10:00:02', '2022-03-22 10:00:02'),
(20, 10, 4, 44, 1, 0, '2022-03-22 10:00:02', '2022-03-22 10:00:02'),
(21, 10, 4, 34, 5, 0, '2022-03-22 10:00:02', '2022-03-22 10:00:02'),
(22, 10, 8, 68, 5, 0, '2022-03-22 10:00:02', '2022-03-22 10:00:02'),
(23, 11, 4, 34, 1, 0, '2022-03-23 03:13:02', '2022-03-23 03:13:02'),
(24, 11, 4, 35, 2, 0, '2022-03-23 03:13:02', '2022-03-23 03:13:02'),
(25, 11, 11, 71, 3, 0, '2022-03-23 03:13:02', '2022-03-23 03:13:02'),
(26, 11, 9, 69, 3, 0, '2022-03-23 03:13:02', '2022-03-23 03:13:02'),
(27, 11, 1, 7, 1, 0, '2022-03-23 03:13:02', '2022-03-23 03:13:02'),
(28, 13, 1, 9, 1, 0, '2022-03-23 03:14:33', '2022-03-23 03:14:33'),
(29, 13, 1, 3, 2, 0, '2022-03-23 03:14:33', '2022-03-23 03:14:33'),
(30, 13, 8, 68, 2, 0, '2022-03-23 03:14:33', '2022-03-23 03:14:33'),
(31, 13, 5, 50, 1, 0, '2022-03-23 03:14:33', '2022-03-23 03:14:33'),
(32, 14, 7, 67, 1, 0, '2022-03-23 03:16:38', '2022-03-23 03:16:38'),
(33, 14, 8, 68, 4, 0, '2022-03-23 03:16:38', '2022-03-23 03:16:38'),
(34, 16, 1, 8, 1, 0, '2022-03-23 03:20:17', '2022-03-23 03:20:17'),
(35, 16, 8, 68, 3, 0, '2022-03-23 03:20:17', '2022-03-23 03:20:17'),
(36, 17, 4, 41, 1, 1, '2022-03-23 06:17:02', '2022-04-04 04:46:15'),
(37, 17, 8, 68, 2, 0, '2022-03-23 06:17:02', '2022-03-23 06:17:02'),
(38, 18, 1, 1, 2, 0, '2022-03-23 06:27:37', '2022-03-23 06:27:37'),
(39, 18, 4, 35, 1, 0, '2022-03-23 06:27:37', '2022-03-23 06:27:37'),
(40, 18, 8, 68, 3, 0, '2022-03-23 06:27:37', '2022-03-23 06:27:37'),
(41, 19, 4, 35, 2, 0, '2022-03-23 07:36:42', '2022-03-23 07:36:42'),
(42, 19, 7, 67, 2, 0, '2022-03-23 07:36:42', '2022-03-23 07:36:42'),
(43, 21, 2, 15, 1, 0, '2022-03-31 11:40:01', '2022-04-04 04:55:27'),
(44, 21, 12, 72, 3, 0, '2022-03-31 11:40:01', '2022-03-31 11:40:01'),
(45, 22, 4, 43, 3, 1, '2022-03-31 11:42:02', '2022-04-04 04:51:40'),
(46, 23, 1, 1, 2, 0, '2022-03-31 12:04:12', '2022-04-04 04:54:27'),
(47, 24, 1, 1, 1, 0, '2022-04-04 05:14:06', '2022-04-04 05:14:06');

INSERT INTO `products` (`product_id`, `name`, `price`, `category_id`, `image_path`, `sub_image_path`, `description`, `is_line_up`, `is_deleted`, `created_at`, `updated_at`) VALUES
(1, 'red socks', 100000, 1, 'red_socks.jpg', 'red_socks_sub.jpg', '赤い靴下', 0, 0, '2022-02-08 05:03:10', '2022-03-28 04:48:29'),
(2, ' border socks', 2000, 1, 'border_socks.jpg', 'border_socks_sub.jpg', 'ボーダー靴下', 0, 0, '2022-02-08 05:09:07', '2022-03-28 04:51:25'),
(3, 'blue red socks', 2000, 1, 'blue_red_socks.jpg', 'blue_red_socks_sub.jpg', '青色と赤色の靴下', 0, 1, '2022-02-08 05:18:33', '2022-03-31 11:22:27'),
(4, ' chameleon socks', 2000, 1, 'chameleon_socks.jpg', 'chameleon_socks_sub.jpg', '赤と青の靴下', 0, 0, '2022-02-08 05:18:33', '2022-03-28 04:51:36'),
(5, ' blue socks', 2000, 1, 'blue_socks.jpg', 'blue_socks_sub.jpg', '青の靴下', 0, 0, '2022-02-08 05:18:33', '2022-03-28 04:52:25'),
(6, ' purple socks', 2000, 1, 'purple_socks.jpg', 'purple_socks_sub.jpg', '紫の靴下', 0, 0, '2022-02-08 05:18:33', '2022-03-28 04:52:02'),
(7, 'green&amp;white knit hat', 4000, 2, 'green&amp;white_knit_hat.jpg', 'green&amp;white_knit_hat_sub.jpg', '緑のニット帽と白のニット帽', 0, 0, '2022-02-08 05:37:50', '2022-03-28 04:52:17'),
(8, 'Brown&amp;purple gloves', 4000, 3, 'Brown&amp;purple_gloves.jpg', 'Brown&amp;purple_gloves_sub.jpg', '茶色の手袋と紫の手袋', 0, 0, '2022-02-08 05:42:25', '2022-03-28 04:50:39'),
(9, 'green bag', 3000, 4, 'green_bag.jpg', '0', '緑色のカバン', 0, 0, '2022-02-08 05:48:30', '2022-03-28 04:51:13'),
(10, 'border bag', 3000, 4, 'border_bag.jpg', 'border_bag_sub.jpg', 'ボーダー柄のカバン', 0, 0, '2022-02-08 05:48:30', '2022-03-28 04:52:34'),
(11, ' colorful bag', 3000, 4, 'colorful_bag.jpg', 'colorful_bag_sub.jpg', 'カラフル色のカバン', 0, 0, '2022-02-08 05:48:30', '2022-03-28 04:52:41'),
(12, ' wood bag', 3000, 4, 'wood_bag.jpg', '0', '麻のカバン', 0, 0, '2022-02-08 05:48:30', '2022-03-28 04:50:57'),
(13, ' white bag', 3000, 4, 'white_bag.jpg', 'white_bag_sub.jpg', '白いカバン', 0, 0, '2022-02-08 05:48:30', '2022-03-28 04:50:52'),
(14, ' colorful stall22', 35003, 5, 'colorful_stall.jpg', 'colorful_stall_sub.jpg', 'カラフル色のストール', 0, 0, '2022-02-08 05:50:38', '2022-04-05 05:25:48'),
(19, 'test', 2500, 1, '', '', 'testtest', 0, 0, '2022-03-26 10:28:15', '2022-03-28 08:37:46'),
(20, '', 0, 0, '', '', '', 1, 0, '2022-03-29 03:47:52', '2022-03-29 03:47:52'),
(21, '', 0, 0, '', '', '', 1, 0, '2022-03-29 03:49:10', '2022-03-29 03:49:10'),
(22, 'test', 2500, 1, 'eeeeeeee', '', '', 0, 0, '2022-03-29 03:51:07', '2022-03-29 04:16:47'),
(23, 'test', 30000, 1, '20220329080001_たぬき.jpg', '', 'test', 1, 0, '2022-03-29 06:00:01', '2022-03-29 06:03:18'),
(24, 'たぬき', 40, 1, '20220329081411_たぬき.jpg', '', 'たぬき！', 0, 0, '2022-03-29 06:14:11', '2022-03-29 06:14:11'),
(25, '龍が如く', 20000, 1, '20220329090348_龍が如く MA-1.jpg', '20220329090348_たぬき.jpg', 'ryuugagotoku', 0, 0, '2022-03-29 07:03:48', '2022-03-29 07:03:48'),
(26, 'test', 2500, 1, '20220329092629_タイマー分.jpg', '20220329092629_image_67160321.jpg', 'rrrr', 0, 0, '2022-03-29 07:26:29', '2022-03-29 07:26:29'),
(27, 'test', 2500, 1, '20220329092820_mask.jpg', '20220329092820_龍が如く MA-1.jpg', 'test', 0, 0, '2022-03-29 07:28:20', '2022-03-29 07:28:20'),
(28, 'test', 2500, 1, '', '', 'test', 0, 0, '2022-03-29 09:13:46', '2022-03-29 09:21:22'),
(29, 'eeeeee', 0, 1, NULL, NULL, '22222', 1, 0, '2022-03-29 09:23:50', '2022-03-29 09:23:50'),
(30, '提出', 2500, 1, NULL, NULL, 'ｗｗ', 0, 0, '2022-03-29 09:24:25', '2022-03-29 09:24:25'),
(31, 'test', 2500, 1, NULL, NULL, 'test', 1, 0, '2022-03-29 09:30:41', '2022-03-29 09:30:41'),
(32, 'test', 2500, 1, '20220329113127_mask.jpg', '20220329113127_龍が如く MA-1.jpg', 'rw', 1, 0, '2022-03-29 09:31:27', '2022-03-29 09:31:27'),
(33, 'test', 2500, 1, NULL, NULL, 'ewwwww', 0, 0, '2022-03-29 09:37:54', '2022-03-29 09:37:54'),
(34, 'tt', 2500, 1, NULL, NULL, 'rrrrrr', 0, 0, '2022-03-29 09:38:34', '2022-03-29 09:38:34'),
(35, 'retet', 2500, 1, NULL, NULL, 'rere', 0, 0, '2022-03-29 09:39:13', '2022-03-29 09:39:13'),
(36, 'test', 2500, 1, NULL, NULL, 'rrerer', 0, 0, '2022-03-29 09:40:57', '2022-03-29 09:40:57'),
(37, 'rere', 2500, 1, '20220329114211_mask.jpg', '20220329114211_moon.jpg', 'rrr', 1, 0, '2022-03-29 09:42:11', '2022-03-29 09:42:11'),
(38, 'test', 2500, 1, NULL, NULL, 'test', 0, 0, '2022-03-29 09:58:53', '2022-03-29 09:58:53'),
(39, 'test', 2500, 1, NULL, NULL, 'erere', 0, 0, '2022-03-29 09:59:19', '2022-03-29 09:59:19'),
(40, 'test', 2500, 1, NULL, NULL, '', 0, 0, '2022-03-29 10:00:21', '2022-03-29 10:00:21'),
(41, 'test', 2500, 1, '', '', '', 1, 1, '2022-03-29 10:03:19', '2022-03-31 10:13:40'),
(42, 'test', 2500, 1, NULL, NULL, 'えええええ', 0, 1, '2022-03-29 10:09:40', '2022-03-31 10:13:38'),
(43, 'test', 2500, 1, '20220329121005_mask.jpg', NULL, 'eeee', 0, 1, '2022-03-29 10:10:05', '2022-03-30 08:39:56'),
(44, 'これはtestです', 25000, 1, '', '', 'test1desu \r\n', 1, 1, '2022-03-30 13:34:58', '2022-04-04 06:14:42'),
(45, 'test', 2500, 3, NULL, NULL, '', 0, 1, '2022-04-01 08:04:50', '2022-04-01 08:05:26'),
(46, 'ysouhowc', 23999, 1, NULL, NULL, '', 0, 0, '2022-04-01 08:06:06', '2022-04-01 08:06:06'),
(47, 'test', 2500, 3, NULL, NULL, '', 0, 0, '2022-04-01 08:28:48', '2022-04-01 08:28:48'),
(48, 'test', 2500, 777777, '', '', '', 0, 1, '2022-04-01 08:29:51', '2022-04-04 06:14:46'),
(49, 'あいうえおあいうえおあいうえおあいうえお', 2147483647, 3, '20220405073248_blue_red_socks.jpg', '', 'ewew', 0, 1, '2022-04-01 08:47:19', '2022-04-05 09:10:19'),
(50, 'test', 2500, 2, '', '', 'ewewew', 0, 0, '2022-04-01 08:49:16', '2022-04-03 14:55:50'),
(51, 'test', 2500, 1, '', '', 'ええええ', 0, 0, '2022-04-03 00:51:00', '2022-04-03 14:55:45'),
(52, 'test', 2500, 1, '', '20220404095613_green&white_knit_hat.jpg', '', 0, 0, '2022-04-04 06:42:49', '2022-04-04 07:56:13');

INSERT INTO `product_sizes` (`product_size_id`, `product_id`, `size_id`, `is_deleted`, `created_at`, `updated_at`) VALUES
(0, 0, 0, 0, '2022-02-24 07:39:58', '2022-02-24 07:39:58'),
(1, 1, 1, 0, '2022-02-08 05:57:59', '2022-02-08 05:57:59'),
(2, 1, 2, 0, '2022-02-08 05:58:36', '2022-02-08 05:58:36'),
(3, 1, 3, 0, '2022-02-08 05:59:51', '2022-02-08 05:59:51'),
(4, 1, 4, 0, '2022-02-08 05:59:51', '2022-02-08 05:59:51'),
(5, 1, 5, 0, '2022-02-08 05:59:52', '2022-02-08 05:59:52'),
(6, 1, 6, 0, '2022-02-08 05:59:52', '2022-02-08 05:59:52'),
(7, 1, 7, 0, '2022-02-08 05:59:52', '2022-02-08 05:59:52'),
(8, 1, 8, 0, '2022-02-08 05:59:52', '2022-02-08 05:59:52'),
(9, 1, 9, 0, '2022-02-08 05:59:52', '2022-02-08 05:59:52'),
(10, 1, 10, 0, '2022-02-08 05:59:52', '2022-02-08 05:59:52'),
(11, 1, 11, 0, '2022-02-08 05:59:52', '2022-02-08 05:59:52'),
(12, 2, 1, 0, '2022-02-08 06:01:14', '2022-02-08 06:01:14'),
(13, 2, 2, 0, '2022-02-08 06:01:14', '2022-02-08 06:01:14'),
(14, 2, 3, 0, '2022-02-08 06:01:14', '2022-02-08 06:01:14'),
(15, 2, 4, 0, '2022-02-08 06:01:14', '2022-02-08 06:01:14'),
(16, 2, 5, 0, '2022-02-08 06:01:14', '2022-02-08 06:01:14'),
(17, 2, 6, 0, '2022-02-08 06:01:14', '2022-02-08 06:01:14'),
(18, 2, 7, 0, '2022-02-08 06:01:14', '2022-02-08 06:01:14'),
(19, 2, 8, 0, '2022-02-08 06:01:14', '2022-02-08 06:01:14'),
(20, 2, 9, 0, '2022-02-08 06:01:14', '2022-02-08 06:01:14'),
(21, 2, 10, 0, '2022-02-08 06:01:14', '2022-02-08 06:01:14'),
(22, 2, 11, 0, '2022-02-08 06:01:14', '2022-02-08 06:01:14'),
(23, 3, 1, 0, '2022-02-08 06:02:19', '2022-02-08 06:02:19'),
(24, 3, 2, 0, '2022-02-08 06:02:19', '2022-02-08 06:02:19'),
(25, 3, 3, 0, '2022-02-08 06:02:19', '2022-02-08 06:02:19'),
(26, 3, 4, 0, '2022-02-08 06:02:19', '2022-02-08 06:02:19'),
(27, 3, 5, 0, '2022-02-08 06:02:19', '2022-02-08 06:02:19'),
(28, 3, 6, 0, '2022-02-08 06:02:19', '2022-02-08 06:02:19'),
(29, 3, 7, 0, '2022-02-08 06:02:19', '2022-02-08 06:02:19'),
(30, 3, 8, 0, '2022-02-08 06:02:19', '2022-02-08 06:02:19'),
(31, 3, 9, 0, '2022-02-08 06:02:20', '2022-02-08 06:02:20'),
(32, 3, 10, 0, '2022-02-08 06:02:20', '2022-02-08 06:02:20'),
(33, 3, 11, 0, '2022-02-08 06:02:20', '2022-02-08 06:02:20'),
(34, 4, 1, 0, '2022-02-08 06:03:36', '2022-02-08 06:03:36'),
(35, 4, 2, 0, '2022-02-08 06:03:36', '2022-02-08 06:03:36'),
(36, 4, 3, 0, '2022-02-08 06:03:36', '2022-02-08 06:03:36'),
(37, 4, 4, 0, '2022-02-08 06:03:36', '2022-02-08 06:03:36'),
(38, 4, 5, 0, '2022-02-08 06:03:36', '2022-02-08 06:03:36'),
(39, 4, 6, 0, '2022-02-08 06:03:36', '2022-02-08 06:03:36'),
(40, 4, 7, 0, '2022-02-08 06:03:36', '2022-02-08 06:03:36'),
(41, 4, 8, 0, '2022-02-08 06:03:36', '2022-02-08 06:03:36'),
(42, 4, 9, 0, '2022-02-08 06:03:36', '2022-02-08 06:03:36'),
(43, 4, 10, 0, '2022-02-08 06:03:36', '2022-02-08 06:03:36'),
(44, 4, 11, 0, '2022-02-08 06:03:37', '2022-02-08 06:03:37'),
(45, 5, 1, 0, '2022-02-08 06:05:33', '2022-02-08 06:05:33'),
(46, 5, 2, 0, '2022-02-08 06:05:33', '2022-02-08 06:05:33'),
(47, 5, 3, 0, '2022-02-08 06:05:33', '2022-02-08 06:05:33'),
(48, 5, 4, 0, '2022-02-08 06:05:33', '2022-02-08 06:05:33'),
(49, 5, 5, 0, '2022-02-08 06:05:33', '2022-02-08 06:05:33'),
(50, 5, 6, 0, '2022-02-08 06:05:33', '2022-02-08 06:05:33'),
(51, 5, 7, 0, '2022-02-08 06:05:33', '2022-02-08 06:05:33'),
(52, 5, 8, 0, '2022-02-08 06:05:33', '2022-02-08 06:05:33'),
(53, 5, 9, 0, '2022-02-08 06:05:33', '2022-02-08 06:05:33'),
(54, 5, 10, 0, '2022-02-08 06:05:33', '2022-02-08 06:05:33'),
(55, 5, 11, 0, '2022-02-08 06:05:33', '2022-02-08 06:05:33'),
(56, 6, 1, 0, '2022-02-08 06:06:21', '2022-02-08 06:06:21'),
(57, 6, 2, 0, '2022-02-08 06:06:21', '2022-02-08 06:06:21'),
(58, 6, 3, 0, '2022-02-08 06:06:21', '2022-02-08 06:06:21'),
(59, 6, 4, 0, '2022-02-08 06:06:21', '2022-02-08 06:06:21'),
(60, 6, 5, 0, '2022-02-08 06:06:22', '2022-02-08 06:06:22'),
(61, 6, 6, 0, '2022-02-08 06:06:22', '2022-02-08 06:06:22'),
(62, 6, 7, 0, '2022-02-08 06:06:22', '2022-02-08 06:06:22'),
(63, 6, 8, 0, '2022-02-08 06:06:22', '2022-02-08 06:06:22'),
(64, 6, 9, 0, '2022-02-08 06:06:22', '2022-02-08 06:06:22'),
(65, 6, 10, 0, '2022-02-08 06:06:22', '2022-02-08 06:06:22'),
(66, 6, 11, 0, '2022-02-08 06:06:22', '2022-02-08 06:06:22'),
(67, 7, 0, 0, '2022-02-24 07:41:03', '2022-02-24 07:41:03'),
(68, 8, 0, 0, '2022-02-24 07:43:16', '2022-02-24 07:43:16'),
(69, 9, 0, 0, '2022-02-24 07:44:10', '2022-02-24 07:44:10'),
(70, 10, 0, 0, '2022-02-24 07:44:22', '2022-02-24 07:44:22'),
(71, 11, 0, 0, '2022-02-24 07:44:35', '2022-02-24 07:44:35'),
(72, 12, 0, 0, '2022-02-24 07:44:43', '2022-02-24 07:44:43'),
(73, 13, 0, 0, '2022-02-24 07:44:51', '2022-02-24 07:44:51'),
(74, 14, 0, 0, '2022-02-24 07:45:05', '2022-02-24 07:45:05');

INSERT INTO `sizes` (`size_id`, `size_name`, `is_deleted`, `created_at`, `updated_at`) VALUES
(1, '23.0', 0, '2022-02-08 04:50:47', '2022-02-08 04:50:47'),
(2, '23.5', 0, '2022-02-08 04:52:55', '2022-02-08 04:52:55'),
(3, '24.0', 0, '2022-02-08 04:52:55', '2022-02-08 04:52:55'),
(4, '24.5', 0, '2022-02-08 04:52:55', '2022-02-08 04:52:55'),
(5, '25.0', 0, '2022-02-08 04:52:55', '2022-02-08 04:52:55'),
(6, '25.5', 0, '2022-02-08 04:52:55', '2022-02-08 04:52:55'),
(7, '26.0', 0, '2022-02-08 04:52:56', '2022-02-08 04:52:56'),
(8, '26.5', 0, '2022-02-08 04:52:56', '2022-02-08 04:52:56'),
(9, '27.0', 0, '2022-02-08 04:52:56', '2022-02-08 04:52:56'),
(10, '27.5', 0, '2022-02-08 04:52:56', '2022-02-08 04:52:56'),
(11, '28.0', 0, '2022-02-08 04:52:56', '2022-02-08 04:52:56');
